"","accuracy","pval"
"dance",0.661764705882353,0
"healing",0.740484429065744,0
"love",0.635593220338983,0
"lullaby",0.397435897435897,0.919498333333333
"overall",0.647058823529412,0
