"feature.set","accuracy","se","cilo","cihi"
"naive",0.38135593220339,0.0580746447243682,0.267531720128669,0.495180144278111
"mir",0.228813559322034,0.0132450944108208,0.202853651304992,0.254773467339075
"mir.panteli",0.305084745762712,0.157922279513633,-0.00443723444047611,0.6146067259659
"expert",0.415254237288136,0.03718814969192,0.342366803240288,0.488141671335983
"transcription",0.305084745762712,0.0376975764000285,0.231198853714209,0.378970637811215
"nocontext",0.372881355932203,0.0708103124270805,0.234095693841097,0.51166701802331
