"","overall.acc","musictrad1.acc","musictrad2.acc","musictrad3.acc","musictrad4.acc","musicskill1.acc","musicskill2.acc","musicskill3.acc","musicskill4.acc","musicskill5.acc"
"1",0.423646088940548,0.43135028926973,0.455540185579509,0.478654700998071,0.433707865168539,0.441747411181034,0.446221101965263,0.450698512843623,0.454966623493076,0.447061680427392
