"","accuracy","pval"
"dance",0.586397058823529,0.00639333333333333
"healing",0.72318339100346,0
"love",0.677966101694915,0.00256875
"lullaby",0.743589743589744,0
"overall",0.63751987281399,0
